round,network_mb
1,3.518
2,2.911
3,2.915
4,2.923
5,3.011
6,2.913
7,3.221
8,2.933
9,2.989
10,2.963
11,13.705
12,15.794
13,15.721
14,15.086
15,67.788
16,14.658
17,17.658
18,16.424
19,17.179
20,15.149
21,14.881
22,14.572
23,14.283
24,14.245
25,15.248
26,15.458
27,16.773
28,16.351
29,14.085
30,14.879
31,14.332
32,14.862
33,14.754
34,15.601
35,15.227
36,14.589
37,14.951
38,15.046
39,14.775
40,14.91
41,15.397
42,14.57
43,14.687
44,14.124
45,15.131
46,15.943
47,14.299
48,15.211
49,15.407
50,15.897
